{"cameraMode":{"drawMode":0,"name":"Shaded","section":"Shading Mode"},"sceneLighting":true,"audioPlay":false,"sceneViewState":{"showFog":true,"showMaterialUpdate":false,"showSkybox":true,"showFlares":true,"showImageEffects":true,"showParticleSystems":true},"in2DMode":false,"pivot":{"x":-2.4154295921325685,"y":81.33189392089844,"z":2.9970743656158449},"rotation":{"x":-0.04229049012064934,"y":-0.9365781545639038,"z":0.12150972336530686,"w":-0.326159805059433},"size":4.508312225341797,"orthographic":true}