{"cameraMode":{"drawMode":0,"name":"Shaded","section":"Shading Mode"},"sceneLighting":true,"audioPlay":false,"sceneViewState":{"showFog":true,"showMaterialUpdate":false,"showSkybox":true,"showFlares":true,"showImageEffects":true,"showParticleSystems":true},"in2DMode":false,"pivot":{"x":-15.842090606689454,"y":75.0143051147461,"z":-2.2276763916015627},"rotation":{"x":0.002678358694538474,"y":0.9966302514076233,"z":-0.036203403025865558,"w":0.07398615777492523},"size":6.0342326164245609,"orthographic":true}