{"cameraMode":{"drawMode":0,"name":"Shaded","section":"Shading Mode"},"sceneLighting":true,"audioPlay":false,"sceneViewState":{"showFog":true,"showMaterialUpdate":false,"showSkybox":true,"showFlares":true,"showImageEffects":true,"showParticleSystems":true},"in2DMode":false,"pivot":{"x":-13.95180892944336,"y":86.73517608642578,"z":-1.2817776203155518},"rotation":{"x":0.0003538132004905492,"y":0.9995378851890564,"z":-0.028803927823901178,"w":0.012595160864293576},"size":113.7957534790039,"orthographic":true}