{"cameraMode":{"drawMode":0,"name":"Shaded","section":"Shading Mode"},"sceneLighting":true,"audioPlay":false,"sceneViewState":{"showFog":true,"showMaterialUpdate":false,"showSkybox":true,"showFlares":true,"showImageEffects":true,"showParticleSystems":true},"in2DMode":false,"pivot":{"x":-13.68543815612793,"y":75.56879425048828,"z":-1.9811527729034424},"rotation":{"x":0.0003538132004905492,"y":0.9995378851890564,"z":-0.028803927823901178,"w":0.012595160864293576},"size":7.166820049285889,"orthographic":true}